userDemoname,userDemoEmail,userDemoPassword
userDemo1,userDemo1demo@example.com,fakepassword1
userDemo2,userDemo2demo@example.com,fakepassword2
userDemo3,userDemo3demo@example.com,fakepassword3
userDemo4,userDemo4demo@example.com,fakepassword4
userDemo5,userDemo5demo@example.com,fakepassword5
userDemo6,userDemo6demo@example.com,fakepassword6
userDemo7,userDemo7demo@example.com,fakepassword7
userDemo8,userDemo8demo@example.com,fakepassword8
userDemo9,userDemo9demo@example.com,fakepassword9
userDemo10,userDemo10demo@example.com,fakepassword10
userDemo11,userDemo11demo@example.com,fakepassword11
userDemo12,userDemo12demo@example.com,fakepassword12
userDemo13,userDemo13demo@example.com,fakepassword13
userDemo14,userDemo14demo@example.com,fakepassword14
userDemo15,userDemo15demo@example.com,fakepassword15
userDemo16,userDemo16demo@example.com,fakepassword16
userDemo17,userDemo17demo@example.com,fakepassword17
userDemo18,userDemo18demo@example.com,fakepassword18
userDemo19,userDemo19demo@example.com,fakepassword19
userDemo20,userDemo20demo@example.com,fakepassword20
userDemo21,userDemo21demo@example.com,fakepassword21
userDemo22,userDemo22demo@example.com,fakepassword22
userDemo23,userDemo23demo@example.com,fakepassword23
userDemo24,userDemo24demo@example.com,fakepassword24
userDemo25,userDemo25demo@example.com,fakepassword25
userDemo26,userDemo26demo@example.com,fakepassword26
userDemo27,userDemo27demo@example.com,fakepassword27
userDemo28,userDemo28demo@example.com,fakepassword28
userDemo29,userDemo29demo@example.com,fakepassword29
userDemo30,userDemo30demo@example.com,fakepassword30